customerid,firstname,lastname,streetaddress,city,state,zipcode,email,phonenumber,firstpurchasedate,subscribedtoemaillist,gender
101811,Kenneth,Walton,6715 Commonwealth Dr,Sacramento,CA,94256,walton.k76@fastmail.com,(916) 918-1561,2013-05-30,false,M
103508,Madeleine,Jones,3603 Leola Way,Sacramento,CA,94258,j_madeleine@gmail.com,(916) 186-9423,2013-02-06,false,F
104939,Damen,Wheeler,6740 Branwood Way,Orangevale,CA,95662,dwheeler@outlook.com,(916) 164-1156,2013-04-11,false,M
105549,Kevin,Gilbert,3198 Livingston Way,Folsom,CA,95671,kgilbert@fastmail.com,(916) 304-9859,2013-02-28,true,M
105771,John,Young,663 Westward Way,Sacramento,CA,95899,john.y90@mail.com,(916) 730-6109,2013-09-05,true,M
108708,Tommy,Kono,3179 Camelia River Way,Isleton,CA,95641,tkono@outlook.com,(916) 119-3967,2012-07-01,false,M
109251,Anna,Himes,5507 Chimango Way,Sacramento,CA,94207,h_anna@fastmail.com,(916) 198-9609,2012-10-26,true,F
110363,Marjorie,Love,3462 Mellowoods Way,Sacramento,CA,94299,lmarjorie54@icloud.com,(916) 736-1033,2013-08-22,true,F
111486,Nina,Schreiner,1182 Dornajo Way,Sacramento,CA,94239,schreiner_n@mail.com,(916) 216-1413,2013-05-01,false,F
111991,Marc,Newfield,6887 Conklin Ct,Sacramento,CA,95832,mnewfield@icloud.com,(916) 418-2002,2013-01-06,true,M
112690,Tom,Hanks,9375 Ahart Way,Ryde,CA,95680,hanks_t5@mail.com,(916) 165-9126,2012-09-02,false,M
116690,Christian,Wellisch,8725 Capistrano Way,Sacramento,CA,94208,wellisch.c@mail.com,(916) 811-7804,2013-02-27,false,M
116934,Audrey,Tapp,2816 West Pkwy,Sacramento,CA,94267,t_audrey94@outlook.com,(916) 711-5520,2012-12-06,true,F
119406,Dallas,Braden,9638 Chambord Ct,Sacramento,CA,94204,dallas_b89@aol.com,(916) 632-6107,2013-06-20,false,M
121639,D.J.,Countess,608 Alder Creek Dr,Sacramento,CA,94263,c_d.j.31@yahoo.com,(916) 705-6650,2012-12-11,true,M
122818,Beatrice,Abramson,716 Durness Way,Sacramento,CA,94257,beatrice.a@yahoo.com,(916) 324-4893,2012-09-14,false,F
127472,George,Stanich,4486 Gloriann Way,Ryde,CA,95680,sgeorge@fastmail.com,(916) 161-3581,2012-12-14,true,M
128131,Tim,Ocel,6962 Gardenside Ct,Sacramento,CA,95830,tim_o33@icloud.com,(916) 775-1818,2013-05-12,false,M
132454,Dawn,Childress,4237 Rock House Cir N,Sacramento,CA,95825,dawnc@mail.com,(916) 622-7783,2012-08-15,false,F
134457,Alice,Novak,1573 Layton Dr,Sacramento,CA,94273,n.alice@outlook.com,(916) 725-1543,2013-01-13,false,F
137696,Sherry,Metz,9054 Ladefonos Ct,Ryde,CA,95680,metzs@zoho.com,(916) 405-4103,2012-09-05,true,F
143878,Sylvia,Finley,4892 Waterash Way,Sacramento,CA,95821,sylviaf61@icloud.com,(916) 847-9725,2013-08-27,false,F
145929,Joyce,Meadows,3426 Cliff Breeze Pl,Sacramento,CA,95860,joycem26@gmail.com,(916) 607-8534,2013-04-20,false,F
147216,Cassandra,Whyte,7635 Amelia Earhart Ave,Sacramento,CA,95838,c.whyte71@hotmail.com,(916) 454-6170,2013-05-29,false,F
147218,Madeleine,Savoie,884 J St,Sacramento,CA,94229,m.savoie@aol.com,(916) 360-9980,2013-09-14,true,F
147543,Bud,Stewart,211 Maple Glen Rd,Sacramento,CA,94273,bstewart@aol.com,(916) 306-2673,2012-07-26,true,M
149240,Frenchy,Bordagaray,7125 Fig St,Sacramento,CA,94237,frenchy.b@outlook.com,(916) 767-7375,2012-12-01,false,M
154427,Mark,McLemore,1215 Rodeo Dr,Sacramento,CA,95860,mmark@aol.com,(916) 427-5321,2013-01-18,true,M
157388,David,Cooke,9830 Bradshaw Rd,Sacramento,CA,94288,david_c78@aol.com,(916) 884-9338,2012-11-24,false,M
157695,Catherine,Doane,7530 Silent Wings Way,Sacramento,CA,94207,catherine_d44@mail.com,(916) 234-4342,2013-03-08,true,F
158310,Doris,Garrett,2178 Yellowhammer Ct,Carmichael,CA,95608,garrett.d@hotmail.com,(916) 637-6027,2012-09-14,false,F
158528,Lauren,McFall,7229 Calle Verde Ct,Sacramento,CA,95813,mcfall_l@fastmail.com,(916) 631-0207,2013-05-31,true,F
160392,Randall,Bal,136 Marble Crest Ct,Courtland,CA,95615,randall_b@mail.com,(916) 745-1867,2012-07-23,false,M
161175,Adam,Jennings,1063 Wintermist Ct,Sacramento,CA,95813,jennings_a@hotmail.com,(916) 920-8314,2013-08-01,false,M
161942,Harvey,Nitz,8146 Meghan Way,Sacramento,CA,94254,harvey.n@mail.com,(916) 847-7490,2012-08-15,false,M
162236,Naomi,Donald,3661 Symphony Ct,Sacramento,CA,94206,dnaomi1@fastmail.com,(916) 873-6274,2013-01-02,true,F
166135,Adam,Jahn,138 Petaluma Ct,Folsom,CA,95763,adam.j@gmail.com,(916) 414-1121,2012-07-09,false,M
166612,Eric,Hansen,809 Rancho Roble Way,Sacramento,CA,94284,ehansen@icloud.com,(916) 926-3079,2012-07-04,false,M
166735,Susan,Howard,9290 Winoco Ct,Sacramento,CA,94279,showard45@mail.com,(916) 994-3095,2013-01-10,false,F
168607,Angela,Metzger,4482 Stillwater Way,Sacramento,CA,94239,angela.m@icloud.com,(916) 718-6376,2013-03-23,false,F
170500,Violet,Ramey,2398 Brand Way,Sacramento,CA,95853,rameyv72@outlook.com,(916) 185-1028,2012-11-01,false,F
173125,Timothy,Busfield,7453 Halo Ave,Sacramento,CA,95866,b_timothy@hotmail.com,(916) 944-4071,2013-07-27,false,M
173380,Charles,Mann,3691 Fox Hollow Ln,Citrus Heights,CA,95611,charlesm7@gmail.com,(916) 808-5313,2013-05-24,false,M
175871,Larry,Linville,4792 Butterfield Way,Sacramento,CA,95899,llarry@mail.com,(916) 602-0788,2012-11-05,true,M
175940,Derek,Miles,4409 Brook Bay Way,Walnut Grove,CA,95690,mderek@icloud.com,(916) 920-3277,2012-07-19,false,M
178806,Mary,Whipple,8552 Meadowglen Ave,Sacramento,CA,94205,mary.w@icloud.com,(916) 334-1354,2013-03-18,false,F
182040,Matt,Walbeck,910 Garner Ct,Sacramento,CA,94232,mwalbeck@yahoo.com,(916) 626-7780,2013-04-19,false,M
183797,Maxine,Hamer,383 Colonsay Way,Rancho Cordova,CA,95741,maxineh6@mail.com,(916) 760-1573,2012-11-11,false,F
185863,Constance,Gonzalez,1684 Country Haven Ct,Elk Grove,CA,95624,c.gonzalez@aol.com,(916) 530-7548,2013-06-11,true,F
186353,Edith,Hutton,5581 Merton Way,Sacramento,CA,95815,edith.h@mail.com,(916) 231-7479,2013-04-25,false,F
189441,Jim,Loscutoff,1526 Holiday Cove Ct,Sacramento,CA,94252,l_jim@outlook.com,(916) 758-2944,2013-04-28,true,M
189953,Brenda,Song,7324 Moddison Ave,Carmichael,CA,95608,sbrenda@gmail.com,(916) 764-0472,2012-08-11,false,F
190721,Priscilla,Oliver,1339 Loazell Ct,Sacramento,CA,95823,o.priscilla@aol.com,(916) 437-6201,2012-10-22,false,F
191050,Charlene,Boss,9938 Longridge Way,Sacramento,CA,95864,boss.c@icloud.com,(916) 691-8473,2013-09-12,false,F
191951,Megan,Musgrove,3465 Pepperwood Knoll Ln,Sacramento,CA,94285,megan_m@outlook.com,(916) 636-4293,2013-05-06,false,F
192738,Steve,Sax,3117 Glacken Way,Sacramento,CA,94257,steve.s@aol.com,(916) 626-8021,2013-05-20,false,M
193914,Toni,Storey,6919 Middle River Ct,Sacramento,CA,94262,t_storey37@gmail.com,(916) 273-0311,2013-05-04,false,F
193968,Marjorie,Pettus,2049 Meadowbrook Rd,Sacramento,CA,94294,p_marjorie@yahoo.com,(916) 926-9258,2012-10-13,false,F
194680,Sasha,Victorine,2258 Bowie Ct,Courtland,CA,95615,victorine.s@mail.com,(916) 126-2016,2013-04-07,false,M
196068,Theresa,Mireles,1869 Bulwick Ct,Sacramento,CA,95816,m_theresa83@mail.com,(916) 930-1409,2013-07-05,true,F
197102,Renee,Galyan,8918 Mossy Bank Dr,Sacramento,CA,94207,g_renee59@yahoo.com,(916) 574-6429,2013-07-11,true,F
199895,Philip,Levine,6467 Ferragamo Way,Sacramento,CA,95835,lphilip24@yahoo.com,(916) 426-0676,2012-10-07,false,M
200272,Jane,O'Neill,3709 Sunfaire Ln,Mather,CA,95655,ojane@hotmail.com,(916) 347-7544,2013-03-07,true,F
202612,LeVar,Burton,9224 Belladonna Ct,Sacramento,CA,94271,b_levar@mail.com,(916) 123-3788,2013-07-17,false,M
203787,Amanda,Kershaw,4297 Ewing Way,Sacramento,CA,95832,kamanda31@gmail.com,(916) 188-3840,2012-11-03,false,F
204295,Opal,Barnette,8828 Ost Pl,Sacramento,CA,94245,opalb94@hotmail.com,(916) 646-3176,2013-02-12,false,F
205190,Lincoln,Steffens,61 Explorer Dr,Folsom,CA,95763,l_steffens@mail.com,(916) 692-3299,2013-04-27,false,M
205878,Ryan,Coogler,8369 Sadie Ct,Sacramento,CA,95820,ryan_c1@gmail.com,(916) 646-3438,2013-09-14,true,M
205927,Anthony,Swofford,465 Jacinto Ave,North Highlands,CA,95660,aswofford@gmail.com,(916) 750-9615,2013-07-27,false,M
206078,Marcos,Breton,4004 Fall River Way,Sacramento,CA,94244,b.marcos46@gmail.com,(916) 992-5021,2012-08-17,false,M
207846,Urijah,Faber,7424 Long River Dr,Sacramento,CA,95837,urijahf@gmail.com,(916) 206-7224,2012-07-03,true,M
214537,Sue,Gregory,5936 Cedar Rock Cir,Sacramento,CA,95836,gregory_s5@gmail.com,(916) 253-5310,2012-10-21,false,F
216081,Jeff,Float,9135 Roemer Ln,Sacramento,CA,94277,f_jeff12@aol.com,(916) 610-6682,2013-04-27,false,M
216475,Eleanor,Dillow,4027 Mountain View Ave,Sacramento,CA,95887,edillow@gmail.com,(916) 969-3760,2013-08-16,true,F
218889,Doris,Morelli,736 Mahonia Cir,Isleton,CA,95641,m_doris@aol.com,(916) 847-9046,2013-01-24,true,F
220206,Brent,Bourgeois,4967 Kimmie Ct,Sacramento,CA,94249,bourgeois_b23@icloud.com,(916) 551-1671,2013-02-19,true,M
224094,Lynn,Newhart,1676 San Mateo Ct,Antelope,CA,95843,lynn.n@zoho.com,(916) 933-9057,2013-03-10,true,F
225489,Annette,Woolard,342 Manmar Way,Walnut Grove,CA,95690,annettew25@outlook.com,(916) 544-3564,2013-01-14,true,F
226209,Tim,McCord,5383 Tanzanite Way,Wilton,CA,95693,tim.m@gmail.com,(916) 163-1292,2013-03-12,false,M
226909,Sandie,Reed,8291 Munson Way,Sacramento,CA,95814,s.reed@aol.com,(916) 616-1159,2013-09-10,false,F
227372,Peg,Winchester,3546 Glen Springs Way,Elverta,CA,95626,w.peg@mail.com,(916) 692-8007,2012-10-28,false,F
227456,Kathy,Kerr,6709 Ashford Hill Pl,Sacramento,CA,94294,k.kerr@hotmail.com,(916) 501-3274,2012-10-27,true,F
229742,Annette,Nielsen,9472 Calistoga Way,Carmichael,CA,95609,annetten33@yahoo.com,(916) 474-2055,2013-01-08,true,F
230467,Erik,Lobo,224 Tennis Ct,Sacramento,CA,95837,lobo.e@yahoo.com,(916) 729-8525,2013-08-03,true,M
230602,May,Tapp,1672 Olympic Way,Sacramento,CA,95829,t_may@yahoo.com,(916) 404-1739,2012-11-23,true,F
231615,Richard,Rodriguez,8026 Bowen Cir,Sacramento,CA,94205,richard.r@mail.com,(916) 353-4694,2013-08-22,false,M
233813,J.P.,Howell,4946 Dylan Ave,Sacramento,CA,94204,j.p.h@icloud.com,(916) 893-1158,2013-06-23,false,M
233956,James,Irvin,4934 Sage Thrasher Cir,Elverta,CA,95626,irvinj77@aol.com,(916) 569-3706,2013-01-15,false,M
235720,Loreto,Garza,6290 Sandpointe Ct,Sacramento,CA,94287,loreto_g@mail.com,(916) 619-2434,2013-08-16,false,M
236554,Rich,Manning,919 Idle Wild Way,Sacramento,CA,94208,manning_r@icloud.com,(916) 521-8440,2013-04-19,false,M
238347,Candace,Askins,1014 Viking Dr,Sacramento,CA,94229,candace.a@mail.com,(916) 609-8271,2012-10-24,true,F
240205,Anna,Mcconnell,4241 Elbert Way,Sacramento,CA,95812,anna.m@zoho.com,(916) 195-1397,2012-09-05,true,F
241144,Verna,Alfred,5388 Delwood Way,Sacramento,CA,95821,v.alfred@mail.com,(916) 315-0845,2013-07-03,false,F
242720,Randy,Lerch,690 E Elkhorn Blvd,North Highlands,CA,95660,l.randy@mail.com,(916) 548-1298,2013-03-24,true,M
244282,Sabrina,Hansen,9 Dondra Way,Sacramento,CA,95899,hansens@mail.com,(916) 772-7635,2013-01-16,false,F
245577,Kevin,Sharp,8650 Moffatt Way,Sacramento,CA,94248,kevin.s11@yahoo.com,(916) 486-2037,2013-01-20,false,M
247216,Chloe,Sutton,3571 Weldon Way,Sacramento,CA,94285,schloe@outlook.com,(916) 819-9818,2012-12-03,true,F
249188,Isaiah,Ross,6790 Los Coches Way,Orangevale,CA,95662,ross.i72@zoho.com,(916) 467-3491,2013-03-16,true,M
249779,Scott,Pruett,5766 Parklite Cir,Antelope,CA,95843,scottp@gmail.com,(916) 240-9266,2013-05-26,false,M
250266,Mildred,Shafer,2288 Piercy Way,Sacramento,CA,94291,smildred@icloud.com,(916) 992-8425,2013-02-21,false,F
253106,Candace,Moriarty,2737 Vallecitos Way,Sacramento,CA,95829,c_moriarty39@icloud.com,(916) 756-5791,2013-05-12,false,F
256181,William,Everson,1952 Husch Way,Sacramento,CA,95894,williame@icloud.com,(916) 341-5255,2012-09-13,false,M
262579,Mattie,Ryan,7930 Staggs Way,Elk Grove,CA,95624,rmattie@fastmail.com,(916) 453-4559,2013-05-28,true,F
262638,Brian,Henninger,9729 Koyama Ct,Sacramento,CA,95831,brianh@icloud.com,(916) 935-9159,2013-07-27,true,M
265133,Denise,Steele,2232 Boswell Ct,Sacramento,CA,94244,denise_s43@yahoo.com,(916) 793-4607,2012-09-27,true,F
265339,Jamie,Bottoms,8246 Singleton Ct,Sacramento,CA,94273,b_jamie@yahoo.com,(916) 665-4187,2013-04-21,true,F
265707,Marko,Cavka,6677 Southland Way,Sacramento,CA,95820,c.marko@icloud.com,(916) 309-6667,2012-12-20,true,M
266633,Etu,Molden,955 Munger Way,Sacramento,CA,94284,emolden2@aol.com,(916) 389-3432,2013-03-31,false,M
267632,Randy,Veres,7939 Ruge Ct,Sacramento,CA,95834,veres_r@outlook.com,(916) 264-3332,2013-06-06,true,M
269687,Scott,Smith,8867 Belle Fleur Way,Isleton,CA,95641,smiths@mail.com,(916) 150-2056,2012-07-02,true,M
270853,Helen,Oliver,1281 Poinsettia Ct,Sacramento,CA,95853,oliver_h@hotmail.com,(916) 988-5646,2013-07-20,false,F
271531,Mildred,Masters,9480 Irvin Way,Sacramento,CA,94294,m_masters@zoho.com,(916) 835-0525,2013-05-03,true,F
274541,Joanna,Benson,422 Adkinson Ct,Sacramento,CA,95826,joanna.b53@mail.com,(916) 315-8858,2012-07-31,true,F
275152,Anthony,Padilla,1968 Rosa Del Rio Way,Sacramento,CA,94249,a.padilla@fastmail.com,(916) 171-8841,2013-01-12,true,M
276549,John,Bowker,3500 Carsington Way,Sacramento,CA,94279,b.john@outlook.com,(916) 216-5687,2012-12-17,true,M
277310,Delores,Ramey,4055 Tenwoods Ct,Sacramento,CA,94263,ramey.d@yahoo.com,(916) 153-9551,2013-01-02,false,F
277373,Mike,Flanagan,5486 Gustine Way,Elk Grove,CA,95757,mikef10@zoho.com,(916) 699-6637,2012-10-24,true,M
278204,Ann,Spencer,338 Raymar Way,Sacramento,CA,95824,s_ann@aol.com,(916) 811-3094,2012-08-29,true,F
278809,Darrin,Nelson,5964 Pintado Ct,Sacramento,CA,94252,ndarrin44@yahoo.com,(916) 745-5644,2012-11-06,true,M
283158,Thelma,Armstead,9078 Shadowglen Rd,Sacramento,CA,94291,thelma.a63@outlook.com,(916) 532-0329,2013-03-14,true,F
286196,Matt,Bouza,2228 Shepard Ave,Elverta,CA,95626,m.bouza11@yahoo.com,(916) 909-4497,2012-08-31,false,M
289693,Scott,Galbraith,6725 Sher Ct,Sacramento,CA,94280,g.scott33@outlook.com,(916) 468-4474,2012-12-30,true,M
292402,Onterrio,Smith,3849 Frizell Ave,Sacramento,CA,94286,smitho@outlook.com,(916) 437-4755,2012-08-16,false,M
296208,Leticia,Delisle,2816 Hesket Way,Sacramento,CA,94261,delislel@mail.com,(916) 427-7357,2012-11-17,true,F
296353,Greg,Vaughn,6109 River Grove Cir,Citrus Heights,CA,95611,greg_v98@gmail.com,(916) 935-5283,2013-08-13,false,M
296886,Pam,Doane,2241 L St,Fair Oaks,CA,95628,doanep30@zoho.com,(916) 934-8098,2013-08-09,false,F
297686,Constance,Weaver,134 La Gama Ct,Sacramento,CA,95842,constance.w@zoho.com,(916) 150-2998,2013-06-13,false,F
298508,Emily,Jardine,6106 Tiogawoods Dr,Sacramento,CA,94278,jardine.e35@mail.com,(916) 708-0319,2013-07-25,false,F
301793,Eric,Heiden,778 Acero Ct,Sacramento,CA,95887,heidene80@aol.com,(916) 768-7209,2013-03-04,true,M
302774,Mike,Patterson,9198 Temwoods Way,Sacramento,CA,95817,m_patterson@mail.com,(916) 811-1219,2013-05-04,false,M
304344,Mark,Allen,9791 Turnbridge Dr,Sacramento,CA,94248,mark_a@icloud.com,(916) 466-7221,2013-01-18,true,M
305005,Spencer,Levin,3474 Breanna Ct,Sacramento,CA,95814,spencerl@zoho.com,(916) 207-5325,2013-03-23,false,M
306475,Kris,Ryan,6768 Oaken Bucket Ct,Sacramento,CA,94258,ryan_k@icloud.com,(916) 419-0740,2012-07-03,true,F
306853,Bob,Forsch,6497 Verna Way,Sacramento,CA,95816,forsch.b@icloud.com,(916) 641-7622,2013-06-22,true,M
308505,Andy,Fox,484 Dickson St,Sacramento,CA,95814,afox@mail.com,(916) 228-4232,2013-03-07,true,M
308662,Annette,Schmitt,8791 Flowerwood Way,Sacramento,CA,95830,s.annette@aol.com,(916) 681-4901,2012-12-08,true,F
308688,Tammy,Reynolds,5229 Middlesax Way,Sacramento,CA,94246,rtammy94@hotmail.com,(916) 715-1712,2013-08-19,true,F
310195,Lori,Breazeale,4672 Tungsten Way,Sacramento,CA,94230,b.lori95@mail.com,(916) 429-7344,2012-11-06,false,F
315634,Karen,Kijewski,5473 Pasadena Ave,Elk Grove,CA,95757,karen.k@aol.com,(916) 953-6433,2013-07-11,false,F
317461,Megan,Hsu,8265 Predial Way,Sacramento,CA,94239,hsu_m74@outlook.com,(916) 486-7788,2013-01-31,false,F
317807,Joel,Jones,3463 Durney Ct,Sacramento,CA,94289,j.jones13@mail.com,(916) 261-0393,2013-01-30,true,M
319387,Malachi,Davis,6230 Eversley Ct,Sacramento,CA,95818,davis.m@gmail.com,(916) 612-0054,2013-01-06,false,M
323830,Darnell,Hillman,5530 Reef Ct,Sacramento,CA,94244,d.hillman65@gmail.com,(916) 192-3990,2013-07-13,true,M
324435,Teddy,Bruschi,5355 Surf Way,Sacramento,CA,94209,b.teddy@aol.com,(916) 253-3841,2012-07-22,false,M
325263,Kathleen,Boehmer,607 Arrowood Ct,Rancho Cordova,CA,95741,boehmer_k@zoho.com,(916) 367-5930,2012-11-21,true,F
327750,Ethel,Atherton,9102 Peridot Ct,Sacramento,CA,94289,eatherton@icloud.com,(916) 850-0067,2013-09-18,false,F
329994,Thomas,Kelly,3823 Schiro Ct,Sacramento,CA,95817,k.thomas@outlook.com,(916) 555-7140,2012-10-22,false,M
330223,Mel,Hutchins,1046 Auburn Blvd,Sacramento,CA,94291,hutchins_m9@gmail.com,(916) 949-7374,2013-02-09,true,M
330570,Tyson,Griffin,5874 Priscilla Ln,Sacramento,CA,94261,tyson.g@fastmail.com,(916) 565-8216,2013-08-14,true,M
331115,Janet,Koons,5726 Jefferson Ave,North Highlands,CA,95660,j.koons@fastmail.com,(916) 490-7982,2012-07-24,true,F
332324,Sheila,Hudson,4685 Flowerwood Way,Sacramento,CA,94288,sheilah@mail.com,(916) 195-5498,2012-12-10,false,F
336644,Charlie,Zink,4011 Life Ave,Sacramento,CA,95867,charliez39@yahoo.com,(916) 361-7739,2012-09-12,false,M
343021,Brad,Lidge,7335 Loma Oak Ct,Herald,CA,95638,lidgeb@aol.com,(209) 262-5722,2013-01-14,true,M
344702,John,Gibson,2000 De Costa Ave,Rancho Cordova,CA,95742,gibsonj@mail.com,(916) 511-0651,2013-03-03,true,M
345348,Ada,Belle,7669 Gardenwood Way,Sacramento,CA,95835,b_ada13@outlook.com,(916) 100-2494,2013-06-07,false,F
345748,Vance,Worley,1297 Goethe Rd,Sacramento,CA,94209,w_vance@yahoo.com,(916) 987-3319,2013-08-10,true,M
346006,Kristi,Kirk,8664 Beret Ln,North Highlands,CA,95660,kristi_k@aol.com,(916) 379-7184,2013-03-21,false,F
347189,Blanche,Decker,9874 Accrington Way,Sacramento,CA,95838,decker_b@zoho.com,(916) 959-2997,2012-07-22,false,F
347659,Isabel,Kerr,3904 Faldo Ct,Sacramento,CA,95820,k_isabel@icloud.com,(916) 938-7595,2013-06-16,false,F
352644,Jimmy,Smith,9978 Glenleigh Ct,Sacramento,CA,94209,s.jimmy@yahoo.com,(916) 663-3995,2013-05-10,true,M
353846,Roberta,Otten,7033 Calmo Way,Sacramento,CA,94237,otten.r@hotmail.com,(916) 480-2476,2012-12-16,true,F
355107,Ephraim,Salaam,7309 Sea Glass Way,Sacramento,CA,94288,ephraims@mail.com,(916) 356-4090,2013-05-06,true,M
357579,Cynthia,Robinson,9816 Gold Point Way,Carmichael,CA,95609,r_cynthia66@icloud.com,(916) 165-5826,2012-11-26,true,F
358901,Michelle,Carpenter,6724 Gallop Ct,Sacramento,CA,94287,c_michelle@yahoo.com,(916) 194-6390,2013-01-14,false,F
363931,Ryan,Dinwiddie,1818 Coberly Ct,Sacramento,CA,94204,r_dinwiddie@gmail.com,(916) 267-3556,2012-07-08,true,M
366695,Audrey,Higginbotham,3540 Richfield Way,Carmichael,CA,95609,haudrey@icloud.com,(916) 400-0088,2013-02-19,false,F
370366,Dion,James,6548 Maybrook Dr,Sacramento,CA,94236,james.d@outlook.com,(916) 298-3739,2013-02-25,true,M
370870,Nicholas,Sparks,9201 Thermiac Gulf Way,Sacramento,CA,94248,n.sparks@aol.com,(916) 126-0724,2012-07-15,true,M
371731,Veronica,Bouchart,6229 Blaze Ct,Sacramento,CA,94237,v.bouchart@mail.com,(916) 968-3890,2013-04-09,true,F
373200,Rene,Syler,1551 Holford Way,Sacramento,CA,94268,rene.s@fastmail.com,(916) 566-2029,2013-09-17,false,F
378374,Vic,Grimes,5318 Silver Sea Way,Mather,CA,95655,vicg@zoho.com,(916) 206-7464,2012-08-31,false,M
380003,Amobi,Okugo,7399 Mariposa Ave,Sacramento,CA,95827,aokugo@aol.com,(916) 374-8348,2012-10-21,false,M
383684,Derrick,Lewis,735 Fuchsia Ct,Sacramento,CA,95819,d.lewis@outlook.com,(916) 241-1004,2012-11-14,false,M
384899,Charles,Schwab,4188 Clarity Ct,Sacramento,CA,95887,schwabc@aol.com,(916) 704-4985,2013-09-14,false,M
385115,Pete,Ranzany,3661 Napa Ave,Citrus Heights,CA,95621,ranzanyp@zoho.com,(916) 705-2949,2013-05-01,true,M
386336,Maxine,Perrin,9352 Oterol Ct,Sacramento,CA,94205,m.perrin72@outlook.com,(916) 131-5603,2012-07-14,true,F
386950,Sheri,O'Brian,5649 Proper Ct,Sacramento,CA,94274,o'brians76@hotmail.com,(916) 899-7068,2013-01-26,true,F
390130,Sab,Shimono,2316 Akins Ct,Sacramento,CA,95864,sshimono@hotmail.com,(916) 428-0825,2013-04-01,true,M
393120,Lula,Hsu,9127 Deer Fern Ct,Rancho Cordova,CA,95741,lulah@outlook.com,(916) 618-8114,2013-01-27,true,F
393893,Donald,Butler,7465 Bevil St,Fair Oaks,CA,95628,b_donald@mail.com,(916) 386-4729,2013-09-08,true,M
395125,Rowland,Office,1070 Bandon Way,Sacramento,CA,95825,rowland_o25@gmail.com,(916) 623-2326,2013-08-30,true,M
396166,Nina,Sanders,1750 Villajoy Way,Sacramento,CA,94258,s.nina@icloud.com,(916) 930-2829,2013-06-27,true,F
403000,Teresa,Wilber,5557 Old Kent Ln,Sacramento,CA,94244,teresaw@outlook.com,(916) 253-2759,2013-06-28,true,F
404678,Anna,Kirk,6693 Goldsboro Ct,Folsom,CA,95630,kirk_a@yahoo.com,(916) 658-3520,2012-11-28,true,F
405322,Phil,Tayag,5939 De Rosa Ct,Sacramento,CA,94298,t.phil@zoho.com,(916) 857-7371,2012-08-26,true,M
405671,Toni,Case,1130 Deer Lake Dr,Sacramento,CA,95812,tcase92@mail.com,(916) 460-4193,2013-04-26,true,F
407605,Leland,Glass,2047 Historic Aly,Sacramento,CA,94248,lglass52@mail.com,(916) 511-8900,2013-04-27,false,M
408341,Emily,Fender,4793 Fox Hollow Ln,Sacramento,CA,94291,e_fender5@gmail.com,(916) 320-0106,2012-08-21,false,F
409910,Lester,Holt,8563 Bailey Way,Sacramento,CA,95851,lesterh@hotmail.com,(916) 786-8346,2012-11-22,false,M
412235,Olivia,Fulks,4511 E Socap Walk,Sacramento,CA,94246,fulks.o81@fastmail.com,(916) 192-6985,2013-08-02,true,F
412544,Jay,Hughes,5622 Mathews Way,Sacramento,CA,94280,hughes.j74@mail.com,(916) 826-4425,2013-06-29,true,M
412876,Leila,Olson,6584 Roseville Rd,Sacramento,CA,95865,olson_l@hotmail.com,(916) 273-8647,2013-03-20,true,F
412929,Ashley,Boyd,8949 Colgate Ct,Sacramento,CA,94273,boyd.a@icloud.com,(916) 112-2328,2013-04-03,true,F
413292,Verna,Drayton,9115 Fawnridge Way,Sacramento,CA,95822,v.drayton@icloud.com,(916) 346-0567,2012-07-21,false,F
413495,Jeremy,Powell,3118 Lakewood Rd,Sacramento,CA,94239,powellj@mail.com,(916) 463-3419,2012-07-27,true,M
414509,Amanda,Blake,8755 Castro Way,Sacramento,CA,94269,b_amanda@aol.com,(916) 846-0091,2013-04-25,true,F
415869,Joyce,Fulks,9600 Andrea Blvd,Sacramento,CA,94205,fjoyce@outlook.com,(916) 147-2585,2013-02-08,false,F
416523,Lynne,Metz,9386 Down River Ct,Citrus Heights,CA,95610,l.metz@yahoo.com,(916) 136-4983,2012-10-02,true,F
417823,Joyce,Krieg,8319 Delcliff Cir,Sacramento,CA,94211,kriegj39@yahoo.com,(916) 694-5241,2012-12-25,true,F
418506,Dusty,Baker,4248 Mullein Ct,Rio Linda,CA,95673,bdusty@hotmail.com,(916) 368-8556,2013-02-16,true,M
418521,Holly,Jacobsen,2319 Cannon St,Sacramento,CA,95812,h_jacobsen@outlook.com,(916) 248-7994,2013-04-22,true,F
418635,Scott,Schwartz,9396 Danbrook Dr,Sacramento,CA,94287,sschwartz25@gmail.com,(916) 450-0638,2012-10-17,false,M
420981,Tom,Johnson,5531 Delagua Way,Sacramento,CA,95842,tom.j51@fastmail.com,(916) 149-1396,2013-06-26,true,M
421074,N.T.,McQueen,4900 Monument Dr,Sacramento,CA,94235,n.t._m@zoho.com,(916) 564-9705,2012-11-29,false,M
422592,Pete,Dexter,5731 Princeton St,Sacramento,CA,95816,pete.d@fastmail.com,(916) 426-0047,2012-09-13,false,M
422717,April,Kalvert,3722 Floxtree Ct,Sacramento,CA,95867,kalverta73@mail.com,(916) 917-9060,2012-10-27,false,F
422951,Mandisa,Hundley,3653 Bakula Way,Sacramento,CA,95823,m_hundley@mail.com,(916) 167-8877,2012-11-12,false,F
425051,Charlie,Peacock,5356 Gleneagle Way,Sacramento,CA,95831,charlie.p@mail.com,(916) 541-4431,2013-03-05,false,M
426830,Malcom,Floyd,7936 Woody Ct,Carmichael,CA,95609,floyd_m@outlook.com,(916) 523-6899,2012-11-02,true,M
426984,Seneca,Wallace,6296 Fowler Ave,Sacramento,CA,94298,w.seneca@zoho.com,(916) 272-0336,2013-02-13,true,M
427391,Dale,Maharidge,6027 Derby Park Ct,McClellan,CA,95652,m.dale@outlook.com,(916) 967-2079,2013-07-15,true,M
427826,Rufus,Reid,9681 Torino Way,Sacramento,CA,94208,r.reid4@zoho.com,(916) 828-7831,2013-02-18,true,M
429748,Kevin,Goldthwaite,7412 Auntine Burney S,Sacramento,CA,95899,gkevin@gmail.com,(916) 910-0083,2012-11-06,true,M
432113,Harold,Green,1426 Harvey Way,Sacramento,CA,95812,h.green@mail.com,(916) 112-4690,2012-08-03,false,M
432268,Aaron,Garcia,1802 Ozro Ct,Sacramento,CA,94269,aaron.g@zoho.com,(916) 398-1311,2013-01-22,false,M
433442,Pauline,Justis,269 Bradford Dr,Ryde,CA,95680,pauline.j@mail.com,(916) 638-4801,2013-06-26,false,F
435907,Jennie,Yates,6305 Barnaby Ct,Elverta,CA,95626,jenniey64@yahoo.com,(916) 302-9549,2012-08-18,true,F
437454,Doug,Henry,8046 William Bird Ave,Sacramento,CA,94235,dough@mail.com,(916) 495-5277,2013-05-11,false,M
441628,Sheri,Asberry,5648 Alturas Way,Sacramento,CA,95852,a.sheri@mail.com,(916) 652-4062,2012-12-26,true,F
442254,Ann,Lane,3371 PO River Way,Sacramento,CA,94258,a.lane@zoho.com,(916) 903-7266,2013-08-29,true,F
442691,Rosemary,Shafer,7404 Ruger Ct,Sacramento,CA,94279,srosemary@icloud.com,(916) 787-3011,2013-09-15,false,F
447368,Gerald,Willhite,317 Sorenson Way,Sacramento,CA,95838,gerald_w@mail.com,(916) 147-7970,2012-09-01,true,M
447601,Anthony,Kennedy,2023 Tiogawoods Dr,Rancho Murieta,CA,95683,a_kennedy17@mail.com,(916) 947-9551,2012-08-24,true,M
448739,Jim,Breech,3937 Glynis Falls Ct,Sacramento,CA,94247,jbreech@icloud.com,(916) 565-2024,2013-02-01,true,M
448993,Rachel,Jim,3791 Court Pkwy,Sacramento,CA,94252,rachelj@hotmail.com,(916) 332-9620,2013-06-29,true,F
452874,Craig,Chaquico,7191 Shoal Ct,Sacramento,CA,94262,c_chaquico31@icloud.com,(916) 766-5960,2013-07-09,true,M
454015,Tony,Lopez,2501 Orrington Cir,Sacramento,CA,95831,l_tony@mail.com,(916) 566-4661,2012-10-22,true,M
454143,Joey,Hand,4235 Blues Aly,Antelope,CA,95843,j_hand@icloud.com,(916) 820-8532,2013-07-15,true,M
456457,Edith,Alcorn,8075 Huckleberry Ln,Sacramento,CA,94295,alcorn.e@outlook.com,(916) 905-6054,2012-10-22,false,F
458448,Robin,Casiano,9977 Twin Trails Dr,Sacramento,CA,94211,casiano.r@outlook.com,(916) 757-2307,2013-07-23,false,F
459243,Marcus,McCauley,7210 Payton St,Rio Linda,CA,95673,mccauley_m@yahoo.com,(916) 839-9724,2013-02-14,false,M
464277,Mike,Thomas,1864 Serenata Ct,Sacramento,CA,94252,m.thomas89@gmail.com,(916) 416-8769,2013-07-14,false,M
464782,Mary,Youngblood,2319 Sunnyfield Way,Sacramento,CA,95852,youngblood.m@mail.com,(916) 930-3776,2013-04-10,false,F
464984,Kevin,Johnson,2423 Spring Azure Way,Sacramento,CA,95833,kevin.j@yahoo.com,(916) 408-1339,2012-07-31,false,M
465275,Jill,Hollenbeck,5720 Ada Ln,Sacramento,CA,95838,jill_h3@gmail.com,(916) 158-3380,2012-08-22,false,F
468100,Buck,Martinez,3346 Essen Way,Elk Grove,CA,95624,b.martinez@aol.com,(916) 573-3582,2012-09-30,true,M
468692,Betsy,Sodaro,4962 Becerra Way,Sacramento,CA,94277,sodaro_b@yahoo.com,(916) 487-0833,2013-06-15,true,F
469564,Elsie,Slone,1970 Salt Ct,Rio Linda,CA,95673,e_slone@gmail.com,(916) 453-9270,2013-07-01,true,F
470304,Adrienne,Barbeau,8259 Park Ranch Way,Sacramento,CA,94298,adrienne_b@aol.com,(916) 230-5762,2012-07-19,true,F
471187,Rodney,Hannah,9889 Austell Way,Herald,CA,95638,hrodney@icloud.com,(209) 301-1434,2013-05-12,false,M
475216,Dustin,Pedroia,8397 Callecita St,Elk Grove,CA,95759,p_dustin@icloud.com,(916) 245-8676,2013-05-18,true,M
478274,Dick,Jurgens,8475 Anchor Bend Pl,Sacramento,CA,95832,d_jurgens@fastmail.com,(916) 446-1961,2013-05-04,true,M
479497,Donna,Ramage,4243 San Felice Cir,Mather,CA,95655,donna_r27@icloud.com,(916) 204-7628,2012-11-19,true,F
480298,Greg,Knapp,5226 Hatteras Way,Sacramento,CA,95836,k.greg@zoho.com,(916) 824-0392,2012-08-26,true,M
482274,Jayne,Collins,4349 Westholme Way,Sacramento,CA,94280,jayne_c@mail.com,(916) 857-1003,2012-07-26,false,F
484909,Raphael,Saadiq,4593 Havenwood Cir,Sacramento,CA,94293,r.saadiq@outlook.com,(916) 677-6106,2013-06-04,false,M
485769,Merrin,Dungey,7988 Sam Ave,Sacramento,CA,95822,m_dungey@mail.com,(916) 402-1034,2013-08-04,false,M
487346,Herb,Caen,9371 Laura Ct,Sacramento,CA,94249,caen_h40@fastmail.com,(916) 230-5705,2013-06-10,false,M
488295,Johnny,Colla,7550 Homeland Ct,Sacramento,CA,94287,colla_j@hotmail.com,(916) 346-3985,2012-12-20,false,M
488803,Brittney,Pardue,8459 Kit Ln,Sacramento,CA,94271,pbrittney@outlook.com,(916) 738-8334,2012-09-20,true,F
491380,Eric,Lynch,99 Rushden Dr,Rancho Murieta,CA,95683,lynche@aol.com,(916) 192-3665,2012-11-16,false,M
493552,Adrian,Ross,3850 Jo Ann Dr,Orangevale,CA,95662,adrian_r@yahoo.com,(916) 150-3390,2013-04-13,false,M
494106,Margie,Kowalewski,8880 Trouville Ln,Sacramento,CA,95825,margiek@gmail.com,(916) 941-9509,2013-08-26,true,F
498153,Jennifer,O'Brian,2814 Deer Cross Way,Sacramento,CA,94245,jennifer_o@aol.com,(916) 321-8193,2012-08-10,false,F
498970,Katie,Calkins,6705 Sandpointe Ct,Sacramento,CA,94259,calkinsk@yahoo.com,(916) 657-9280,2013-01-16,true,F
500350,Cheryl,Burgess,7675 Jefferson St,Elk Grove,CA,95758,burgess.c@gmail.com,(916) 269-4240,2013-06-02,true,F
500733,Don,Verlin,7102 Windward Way,Sacramento,CA,94247,verlind80@icloud.com,(916) 230-6170,2012-11-29,false,M
500828,Rae,Carruth,6322 Carle Ln,Sacramento,CA,94258,c.rae86@gmail.com,(916) 319-1919,2012-10-30,true,M
507743,May,O'Donnell,5158 Hopkins St,Sacramento,CA,94282,m.o'donnell@fastmail.com,(916) 685-2892,2013-03-19,false,F
513968,Giselle,Fernández,2817 Mossbeach Ct,Sacramento,CA,95826,gfernández53@hotmail.com,(916) 103-8770,2012-11-27,true,F
515753,Jeff,Watson,2793 York Glen Way,Sacramento,CA,94279,jwatson51@fastmail.com,(916) 961-3375,2013-04-06,false,M
515790,Cornel,West,6210 Maple Crest St,Sacramento,CA,94267,west.c@mail.com,(916) 228-0630,2013-01-15,true,M
516619,Nick,Johnson,5112 Turret Ct,Sacramento,CA,94280,nickj@zoho.com,(916) 674-7673,2013-05-30,false,M
517477,Sherri,Pickett,2143 Harding Ave,Sacramento,CA,94263,sherri.p24@aol.com,(916) 399-9064,2013-03-07,true,F
520078,Don,Doll,2043 Maruyama Ct,Rancho Cordova,CA,95741,dolld@mail.com,(916) 308-6852,2013-03-19,true,M
520196,Cindy,Stilwell,7155 Grovehill Way,Sacramento,CA,95823,c_stilwell@outlook.com,(916) 633-3093,2013-04-23,false,F
520377,Donte,Stallworth,1811 Rio Barco Way,McClellan,CA,95652,donte_s@yahoo.com,(916) 238-0492,2013-06-13,false,M
524667,Summer,Sanders,9744 Martinson Ct,Sacramento,CA,94239,ssanders34@hotmail.com,(916) 101-7730,2013-07-01,false,F
528475,Pam,Verdin,5839 Funston Dr,Sacramento,CA,94274,v_pam@outlook.com,(916) 510-0087,2012-11-22,false,F
534481,Joyce,Judd,2247 Risley Ct,Sacramento,CA,95836,judd.j11@outlook.com,(916) 540-0219,2013-01-20,false,F
537796,Michael,Hedges,860 Watson St,Rancho Murieta,CA,95683,michaelh@hotmail.com,(916) 865-8379,2012-10-22,false,M
537860,Brandi,Angulo,4811 Ute River Ct,Carmichael,CA,95609,a_brandi@hotmail.com,(916) 427-1148,2012-10-21,true,F
547890,Joe,Carnahan,5017 Sawyer Cir,Rancho Cordova,CA,95741,joe_c@zoho.com,(916) 317-6443,2013-05-17,false,M
548546,Mike,Burton,5838 Chantry Ct,Herald,CA,95638,m.burton@mail.com,(209) 497-3239,2013-05-24,false,M
548800,Katherine,Kayes,8961 Prudhoe Ct,Sacramento,CA,95811,katherine.k18@zoho.com,(916) 383-5139,2013-03-09,true,F
549823,Delano,Thomas,3754 Bold Ln,Rancho Cordova,CA,95670,thomas.d@aol.com,(916) 839-7227,2013-08-22,true,M
550661,Katie,Spears,8166 Los Gatos Cir,Sacramento,CA,95815,katie_s@aol.com,(916) 179-5393,2013-04-11,true,F
550824,Ken,O'Brien,137 Greenview Ln,Sacramento,CA,95823,o'brienk@hotmail.com,(916) 727-6155,2013-07-29,true,M
551950,Rick,Cunningham,7594 Nimitz St,Orangevale,CA,95662,c.rick@zoho.com,(916) 907-8094,2012-08-21,true,M
552124,Rose,Melberg,7891 Red River Ct,Sacramento,CA,94230,rose_m@yahoo.com,(916) 510-2609,2013-02-14,true,F
553931,Bob,Jones,4162 Wegat Ln,Sacramento,CA,95816,jones.b@mail.com,(916) 545-5261,2012-07-28,true,M
554099,Ruth,Wilhelm,6734 Cortez Ln,Sacramento,CA,95865,wilhelm_r@yahoo.com,(916) 193-3954,2013-09-06,true,F
556152,Mary,Love,8866 Kincaid Way,Sacramento,CA,95833,l.mary@zoho.com,(916) 545-8736,2012-09-28,true,F
556619,Laura,Michalski,2230 Vichy Cir,Sacramento,CA,94206,l.michalski@gmail.com,(916) 893-7997,2012-09-21,true,F
558749,Haley,Anderson,7803 La Casa Way,Sacramento,CA,95832,a_haley@zoho.com,(916) 729-4309,2013-03-30,true,F
559054,Bill,Cartwright,1523 Warrington Ct,Sacramento,CA,94203,cartwright_b@zoho.com,(916) 764-1007,2012-10-27,true,M
559190,Eric,Thomas,7885 W Vista Way,Sacramento,CA,94278,e_thomas27@icloud.com,(916) 304-8521,2013-08-03,false,M
559486,Emily,Eyre,2165 Blackridge Ave,Sacramento,CA,94259,emilye@icloud.com,(916) 382-5492,2012-09-11,true,F
559688,Maria,Pace,1309 Clothier Way,Sacramento,CA,95836,mariap@aol.com,(916) 748-1662,2013-06-01,true,F
561305,Morton,Downey,6272 Mesa Grande Ct,Sacramento,CA,94248,morton_d@mail.com,(916) 741-9814,2013-03-15,true,M
563468,Mildred,Deluca,8844 Northview Dr,Folsom,CA,95630,deluca_m@icloud.com,(916) 159-2675,2012-07-03,true,F
563500,Sally,Otten,5550 Dresher Park Way,Sacramento,CA,95842,s_otten@gmail.com,(916) 323-8422,2012-10-20,false,F
565259,Don,Imus,5747 Desi Way,Sacramento,CA,95899,d_imus@hotmail.com,(916) 227-9089,2013-06-18,false,M
566192,Eileen,Payton,5037 Tierra Green Way,North Highlands,CA,95660,p_eileen@mail.com,(916) 306-5319,2012-12-21,true,F
567388,Lynn,Anderson,33 Lupine Field Ct,Sacramento,CA,95827,alynn78@zoho.com,(916) 688-2912,2012-09-18,false,F
567719,Ramona,Keegan,760 Winfield Way,Sacramento,CA,94246,r.keegan80@mail.com,(916) 829-5606,2013-07-30,true,F
568217,Bessie,Major,6465 Tarragon Ct,Sacramento,CA,94254,b_major42@mail.com,(916) 978-4947,2013-08-18,true,F
575041,Larry,Bowa,8342 Minden Ct,Sacramento,CA,94240,bowa.l@icloud.com,(916) 219-4634,2013-07-18,true,M
575903,Carlos,Alazraqui,1679 Windsong Ct,Sacramento,CA,94244,alazraquic@icloud.com,(916) 541-0130,2013-02-24,false,M
578275,Jennifer,Rosenheim,9162 Hilldale Rd,Sacramento,CA,94262,j.rosenheim@outlook.com,(916) 829-6492,2012-12-17,true,F
580674,Kort,Schubert,9119 Smoketree Dr,Sacramento,CA,94297,skort@zoho.com,(916) 783-0129,2013-07-14,true,M
580783,Christine,Hamilton,5617 Scrub Oak Way,Sacramento,CA,94286,christine.h@fastmail.com,(916) 882-5291,2013-02-06,false,F
585972,Juan,Lazcano,4293 Timbercreek Way,Orangevale,CA,95662,jlazcano@mail.com,(916) 805-7891,2013-03-25,false,M
586201,Sylvia,Russell,3016 Alden Way,Fair Oaks,CA,95628,srussell@yahoo.com,(916) 232-2685,2013-07-20,true,F
590517,Constance,Jeter,2194 Greenhead Ct,Sacramento,CA,94245,j_constance@icloud.com,(916) 795-1275,2013-05-04,true,F
590616,Jim,Eakins,7257 Capitol Mall,Sacramento,CA,95853,eakins_j@mail.com,(916) 426-9268,2012-10-15,true,M
592528,Geoff,Jenkins,4024 Merton Way,Sacramento,CA,94234,j.geoff@aol.com,(916) 758-1992,2013-06-01,true,M
592592,Laura,Brooks,6107 Socorro Way,Sacramento,CA,95831,b.laura@zoho.com,(916) 473-8657,2013-06-25,true,F
592726,Janet,Saville,4779 Mountain View Ave,Sacramento,CA,94235,janet_s@icloud.com,(916) 618-3768,2012-10-24,true,F
593317,Betty,Carvajal,9229 Portinao Cir,Sacramento,CA,94268,b_carvajal95@icloud.com,(916) 913-8104,2013-07-27,false,F
599995,Miguel,Ponce,657 Mafic Ct,Sacramento,CA,95813,mponce80@yahoo.com,(916) 948-7350,2013-06-17,false,M
601753,Dominic,Sandoval,4838 Loma Linda Ct,Sacramento,CA,94284,s.dominic@outlook.com,(916) 740-5700,2012-11-27,false,M
605188,Glenda,Tedford,2566 Tamworth Way,Fair Oaks,CA,95628,t.glenda@fastmail.com,(916) 789-4640,2013-04-27,true,F
606155,Bertha,Slone,6313 Stonefield Ct,Sacramento,CA,94295,b.slone@zoho.com,(916) 623-1617,2013-06-16,false,F
607810,Delores,Lang,4194 Vowell St,Sacramento,CA,94239,lang.d95@mail.com,(916) 268-4463,2013-09-11,true,F
608290,Joan,Lunden,4245 Drawbridge Ct,Sacramento,CA,94287,l_joan67@yahoo.com,(916) 606-6818,2013-04-01,true,F
610766,Dick,Ruthven,6783 Los Padres Way,Sacramento,CA,94205,r_dick@aol.com,(916) 535-3358,2012-07-03,true,M
611078,Marcus,Arroyo,7078 Crooked Stick Dr,Sacramento,CA,95867,marcus_a@icloud.com,(916) 425-0218,2013-06-04,true,M
611848,Henry,Hathaway,2448 Johanson Cir,Sacramento,CA,94293,hathaway.h@gmail.com,(916) 589-8515,2013-05-30,false,M
612681,Colin,Hanks,4957 Alderwood Way,Antelope,CA,95843,colin_h@zoho.com,(916) 450-4918,2013-06-10,true,M
616028,Janet,Corcoran,9774 W Harvard Ave,Folsom,CA,95630,corcoranj@mail.com,(916) 695-5603,2012-08-07,false,F
616258,Jessica,Alcorn,1187 Outer Banks Pl,Sacramento,CA,95820,alcorn_j@fastmail.com,(916) 718-7660,2013-02-03,true,F
616392,Jarrett,Bush,5748 Scotty Way,Sacramento,CA,95812,jbush@fastmail.com,(916) 112-5635,2013-07-11,true,M
618955,Nick,Watney,3799 Kahara Ct,Sacramento,CA,94236,n_watney32@gmail.com,(916) 570-1567,2013-07-14,true,M
619910,Daniel,Fells,4887 Doreen Way,Sacramento,CA,95840,d.fells@zoho.com,(916) 284-9060,2013-05-10,true,M
622131,Lonie,Paxton,3468 Elvas Fwy,Rancho Cordova,CA,95742,l.paxton@aol.com,(916) 751-0019,2013-06-29,false,M
622506,Cassandra,Davis,150 Stacy Ave,Sacramento,CA,94290,c.davis@icloud.com,(916) 546-7263,2013-07-12,true,F
624668,Ann,Bannon,4399 Irma Way,Citrus Heights,CA,95611,annb88@icloud.com,(916) 378-1352,2012-10-08,false,F
627324,Bob,Elliott,792 Green Glen Way,Sacramento,CA,94254,e_bob@outlook.com,(916) 217-2551,2013-04-13,false,M
628132,Susan,Kalvert,4314 Jackdaw Ct,Folsom,CA,95630,s.kalvert@hotmail.com,(916) 892-7624,2013-03-17,true,F
632495,Opal,Hillyer,8545 Inlet Ct,Sacramento,CA,95818,hillyero@mail.com,(916) 431-3598,2012-09-28,false,F
643214,Erik,Coleman,3257 Loma Mar Ct,Sacramento,CA,94298,c_erik@icloud.com,(916) 819-1014,2013-01-13,false,M
643305,Taylor,Graham,7662 Blachly Way,Sacramento,CA,94277,g.taylor75@aol.com,(916) 119-0688,2012-07-11,false,M
646700,Myra,Work,5698 Lirios Ave,Sacramento,CA,94205,myra_w@fastmail.com,(916) 476-6180,2013-06-07,true,F
646953,Amber,Demers,6484 Tywood Ct,Sacramento,CA,94299,amberd69@hotmail.com,(916) 639-1758,2013-03-09,true,F
649551,Steve,Holm,9489 Lori Ct,Sacramento,CA,95840,hsteve@hotmail.com,(916) 826-9471,2012-11-17,true,M
651462,Toby,Hall,7527 Stillwell Ct,Sacramento,CA,94229,htoby@mail.com,(916) 779-0784,2013-08-20,true,M
656512,Joyce,Olson,2843 Savannah Ln,Sacramento,CA,95820,ojoyce@yahoo.com,(916) 139-0919,2012-09-06,false,F
656728,Edith,Keenan,3026 N Edge Dr,Sacramento,CA,94284,edith.k@mail.com,(916) 115-4453,2012-07-16,false,F
657495,Lauren,Ray,3530 Fletcher Farm Dr,Sacramento,CA,95819,l_ray28@mail.com,(916) 390-8677,2013-02-01,false,F
657736,Mildred,Nester,596 Eileen Way,Sacramento,CA,95819,n.mildred@yahoo.com,(916) 482-0718,2012-09-26,true,F
659695,Sydney,Crew,7835 Sergio Way,Elk Grove,CA,95759,sydney_c@icloud.com,(916) 365-8928,2013-09-02,true,F
660634,Chris,Oldham,6285 Stretto Ct,North Highlands,CA,95660,oldhamc@icloud.com,(916) 823-0083,2013-03-19,true,M
663029,Lynda,Ethridge,4440 Kinsella Ln,Citrus Heights,CA,95611,elynda76@mail.com,(916) 757-0053,2012-10-02,true,F
664411,Anne,Boisvert,2657 Danbrook Dr,Sacramento,CA,94294,anneb@icloud.com,(916) 750-3769,2013-07-22,true,F
664934,Scott,Boras,5033 Zoram Ct,Sacramento,CA,94203,scottb26@outlook.com,(916) 386-2950,2013-07-28,false,M
665282,Constance,Wheat,3321 Southampton Way,Sacramento,CA,95828,cwheat41@mail.com,(916) 511-2041,2012-09-04,true,F
665313,Michael,Stember,8295 Grand View Rd,Sacramento,CA,94269,m_stember@fastmail.com,(916) 779-4110,2012-07-04,true,M
667170,Vladimir,Sabich,9377 Nimes Ln,Sacramento,CA,94204,s_vladimir50@mail.com,(916) 766-0235,2012-12-19,true,M
668931,Myrtle,Jackman,8844 Barr Way,Sacramento,CA,94258,j_myrtle@outlook.com,(916) 777-8875,2012-12-25,false,F
670707,Brandon,League,8813 Pavilions Place Ln,Sacramento,CA,94294,l.brandon@fastmail.com,(916) 180-3183,2013-08-29,false,M
671101,Kathy,Rowell,7249 Wreyford Ct,Folsom,CA,95763,kathyr@gmail.com,(916) 434-7186,2013-07-28,true,F
671363,Ricky,Reynolds,542 Odom Ct,Citrus Heights,CA,95621,ricky_r@icloud.com,(916) 588-5553,2012-12-06,true,M
672834,Amber,Bounds,903 Whisper Ln,Ryde,CA,95680,b.amber@gmail.com,(916) 488-1072,2013-04-22,false,F
676018,Rosemary,Ellinger,5221 Johns Dr,Sacramento,CA,94248,r_ellinger@icloud.com,(916) 564-5936,2013-01-21,false,F
676155,Jack,Gallagher,4873 Juan Way,Carmichael,CA,95609,jackg17@icloud.com,(916) 521-4551,2013-03-03,false,M
678940,Anne,Mullins,180 Seyferth Way,Sacramento,CA,94262,a_mullins@yahoo.com,(916) 878-2424,2013-08-21,false,F
679354,Dan,Bunz,6481 Coker Ct,Sacramento,CA,95823,dbunz34@zoho.com,(916) 159-1842,2013-08-19,true,M
680104,Louis,Stanfill,9077 Shada Way,Sacramento,CA,95824,s_louis19@mail.com,(916) 643-2727,2013-06-11,true,M
689877,Jeannette,Fluker,7177 I St,Sacramento,CA,95841,fjeannette17@yahoo.com,(916) 779-6169,2012-10-08,false,F
690100,Don,Rogers,5769 Silk Tree Way,Sacramento,CA,94286,don_r@yahoo.com,(916) 147-9580,2012-08-10,true,M
693531,Virginia,Czyenski,1003 Heather Tree Dr,Elk Grove,CA,95759,vczyenski44@mail.com,(916) 946-1493,2012-10-21,false,F
694281,Sarah,Colangelo,2231 Vichy Cir,Sacramento,CA,94250,s.colangelo@outlook.com,(916) 425-4981,2012-12-22,false,F
695276,Pauline,Gonzalez,9696 Fernwood Way,Ryde,CA,95680,gonzalezp83@mail.com,(916) 742-3697,2013-06-18,true,F
696852,Jamie,Nieto,6075 Dewey Blvd,Courtland,CA,95615,nieto_j@aol.com,(916) 412-8932,2012-08-22,true,M
701211,Lillian,Chambers,2814 Southbury Ct,Sacramento,CA,94291,chambers.l@outlook.com,(916) 622-9840,2013-07-19,false,F
701816,Jermaine,Dye,497 Durney Ct,Ryde,CA,95680,dyej@zoho.com,(916) 313-2324,2012-11-12,true,M
702197,Ian,Hecox,1148 Cool Water Ct,Sacramento,CA,94254,h_ian@mail.com,(916) 929-1850,2013-07-19,true,M
703083,Derrek,Lee,5253 Longboat Key Way,Sacramento,CA,95821,derrekl@aol.com,(916) 722-0407,2012-12-17,true,M
706101,Carla,Boisvert,9275 Ashland Way,Sacramento,CA,94291,boisvert_c56@mail.com,(916) 278-8291,2013-04-08,false,F
706884,Pat,Morita,1585 Benham Way,Sacramento,CA,94271,pat.m84@aol.com,(916) 591-6932,2013-05-02,false,M
707458,Barbi,Benton,7315 Timberwood Ct,Sacramento,CA,95821,b.barbi@outlook.com,(916) 627-0315,2012-07-15,true,F
710047,Jeanne,Bluhm,5427 Veralee Ln,Orangevale,CA,95662,bjeanne24@aol.com,(916) 777-4620,2013-05-24,true,F
714277,Edith,Ryan,5987 Narwal Pl,Elk Grove,CA,95757,r_edith@gmail.com,(916) 183-5615,2012-07-03,false,F
714947,Erika,Michel,3628 Kam Ct,Sacramento,CA,94236,michel_e@aol.com,(916) 938-6345,2013-08-16,false,F
717234,Dale,Brown,8322 Esquire Dr,Sacramento,CA,94240,dale_b@gmail.com,(916) 874-2319,2013-08-28,true,M
719921,Geoff,Jenkins,4319 Explorer Dr,Sacramento,CA,95819,j.geoff@mail.com,(916) 327-8833,2013-05-10,true,M
720602,Lori,Tucker,8335 Deeble St,Sacramento,CA,94280,lori_t46@aol.com,(916) 489-5893,2012-10-09,false,F
722547,Charles,Roberts,9788 Tyne Fell Ct,Sacramento,CA,95816,charlesr@gmail.com,(916) 116-9326,2012-07-14,true,M
723057,Justin,Bannan,9790 Silverleaf Way,Folsom,CA,95630,j_bannan49@icloud.com,(916) 251-2296,2012-11-29,false,M
723819,Casey,Weathers,552 Stewart Rd,Sacramento,CA,95894,c_weathers@fastmail.com,(916) 526-7080,2012-12-08,false,M
724700,Steve,Cronin,6200 Waterash Way,Wilton,CA,95693,steve.c16@icloud.com,(916) 701-2617,2012-11-25,true,M
724813,Bill,Munson,3591 Barbara St,Sacramento,CA,94235,b.munson@fastmail.com,(916) 340-6319,2012-08-13,true,M
728908,Laura,Sampson,9457 Wesley Ave,Sacramento,CA,95827,l.sampson@zoho.com,(916) 612-1465,2013-09-12,false,F
729740,Mark,Spitz,5856 Jade Ct,Sacramento,CA,94247,spitz.m@yahoo.com,(916) 168-8482,2013-08-28,false,M
730305,Natalie,Zeller,9479 Macarlen Way,Rancho Murieta,CA,95683,nataliez@mail.com,(916) 274-2578,2013-07-26,true,F
731346,Jeff,Blauser,3569 Inman Way,Sacramento,CA,94269,j_blauser85@hotmail.com,(916) 928-4527,2013-07-18,false,M
734514,Deborah,Blum,7444 Cassatt Way,Sacramento,CA,95822,dblum21@mail.com,(916) 512-5092,2013-03-02,false,F
734624,Brittany,Hatcher,5957 Gleneagle Way,Sacramento,CA,95823,brittany.h@zoho.com,(916) 678-8623,2012-11-21,false,F
736500,Ken,Rose,2921 Pelican Way,Sacramento,CA,94296,rosek@gmail.com,(916) 981-0527,2012-07-02,true,M
737707,Cecil,Wallace,2568 Boscastle Way,Sacramento,CA,94234,wallace.c@gmail.com,(916) 608-1910,2012-09-24,true,M
738357,Margie,Pittman,5311 El Valle Way,Sacramento,CA,95899,m.pittman@hotmail.com,(916) 767-0941,2013-02-17,false,F
739393,Lisa,Ling,6496 Fairgate Rd,Sacramento,CA,95832,l.lisa12@mail.com,(916) 220-8292,2013-09-02,true,F
739440,Marjorie,Storey,1031 Shadow Creek Dr,Elk Grove,CA,95757,s_marjorie@yahoo.com,(916) 466-3813,2012-12-25,true,F
739669,Max,Baer,8392 Southbreeze Dr,Sacramento,CA,94274,mbaer@outlook.com,(916) 387-6698,2012-09-26,true,M
741398,Nora,Rhea,8373 Sitton Way,Sacramento,CA,95836,r_nora@zoho.com,(916) 490-1857,2013-05-31,true,F
741514,Annie,Matthews,7382 Village Center Dr,Sacramento,CA,95817,anniem@aol.com,(916) 494-3312,2012-08-13,false,F
742620,Joan,Didion,355 Spinnaker Way,Sacramento,CA,95865,jdidion49@aol.com,(916) 167-2444,2013-05-12,true,F
743517,Margaret,Hodel,3016 Lido Isle Ln,Elk Grove,CA,95758,margaret_h@mail.com,(916) 609-9534,2012-07-16,true,F
744416,Giovanni,Carmazzi,3132 Arnold Ct,Sacramento,CA,94203,carmazzig@icloud.com,(916) 770-6380,2013-07-31,false,M
744648,Mark,Goodson,3034 Gaylord Ct,Sacramento,CA,94232,g_mark@gmail.com,(916) 851-6583,2013-06-09,true,M
744780,Sammie,Stroughter,6943 Cobblefield Dr,Sacramento,CA,94284,stroughter.s@mail.com,(916) 225-5867,2013-09-11,false,M
745543,Donna,Hume,375 Sheedy Ct,Sacramento,CA,95831,hume_d@mail.com,(916) 265-7170,2013-02-26,false,F
746134,Patrick,Ianni,323 Malt Ct,Sacramento,CA,94236,ianni.p72@gmail.com,(916) 865-0877,2013-01-29,false,M
747066,Lance,Briggs,2794 California Loop,Sacramento,CA,95834,lanceb@outlook.com,(916) 719-9413,2012-10-05,true,M
748326,Eric,Stevens,6211 Sea Hawk Pl,Sacramento,CA,94273,stevense@mail.com,(916) 900-7122,2012-12-20,true,M
755271,Rosalie,Mclaurin,8654 Seaborg Way,Sacramento,CA,94254,mclaurinr87@fastmail.com,(916) 899-7327,2012-09-07,false,F
756769,Syd'Quan,Thompson,920 Foppiano Way,Sacramento,CA,95825,t_syd'quan@gmail.com,(916) 422-2770,2012-12-14,true,M
756928,William,Vollmann,1227 McClatchy Way,Sacramento,CA,94246,william_v@aol.com,(916) 400-5995,2012-12-11,true,M
757525,Brian,Posehn,7425 Aljo Way,Sacramento,CA,94262,brian.p@yahoo.com,(916) 982-5407,2013-02-25,true,M
757780,Bertha,Kirby,8389 Attawa Ave,Sacramento,CA,95814,kbertha@mail.com,(916) 892-9348,2012-11-05,true,F
759995,Mark,Twain,2319 Hillcrest Way,Rio Linda,CA,95673,m.twain@mail.com,(916) 834-7912,2012-12-11,false,M
761615,James,Campen,8067 Nashua Way,Sacramento,CA,95865,j.campen@icloud.com,(916) 258-2710,2013-04-13,true,M
762509,Jason,Sehorn,9072 Land Park Dr,Elk Grove,CA,95624,sehornj@mail.com,(916) 992-2365,2013-08-21,true,M
765237,Chris,Bosio,9109 Piccadilly Cir,Sacramento,CA,94209,bosio.c@mail.com,(916) 595-7660,2013-01-10,false,M
766161,Dora,Gray,2351 Winterhaven Ave,Ryde,CA,95680,dora.g@mail.com,(916) 142-5906,2013-04-14,true,F
766737,Nathaniel,Hackett,4843 Kintyre Pen Pl,Elk Grove,CA,95757,hackett.n@aol.com,(916) 604-7326,2013-05-07,true,M
767570,Otis,Griffin,6322 Mary Lou Way,Sacramento,CA,95842,o_griffin@gmail.com,(916) 996-4789,2013-01-14,true,M
771285,Brian,Lewis,3514 Wolfboro Ct,Sacramento,CA,95820,brian.l@mail.com,(916) 482-0354,2012-08-04,false,M
772690,David,Terrell,4799 Saints Way,Sacramento,CA,94274,t_david@hotmail.com,(916) 474-9350,2013-08-30,true,M
775449,John,Cox,1232 Chambord Ct,Citrus Heights,CA,95611,john.c@gmail.com,(916) 631-3678,2013-03-15,false,M
776775,Bob,Stubbs,5792 Pasadena Ave,Sacramento,CA,94206,bob_s@fastmail.com,(916) 488-4096,2012-12-10,false,M
777145,Anne,Leibowitz,9316 Earlcort Cir,Rancho Cordova,CA,95670,a_leibowitz@outlook.com,(916) 475-7203,2013-05-31,true,F
781523,Lillian,Kershaw,2815 Artesian Ct,Sacramento,CA,95852,klillian72@fastmail.com,(916) 551-8676,2013-03-23,true,F
781968,Doug,Davis,2161 Baldwin Way,Sacramento,CA,95816,davisd@aol.com,(916) 658-9549,2012-09-21,true,M
782947,Kris,Gonzalez,5791 Gandy Way,Sacramento,CA,95826,krisg@hotmail.com,(916) 787-6596,2013-03-05,true,F
783369,Debra,Sellers,6981 Cloud Crest Way,Sacramento,CA,94254,sdebra@zoho.com,(916) 344-3576,2013-05-24,false,F
784218,Keith,Lewis,6307 Paul Ave,Sacramento,CA,95833,k_lewis@fastmail.com,(916) 302-3328,2013-02-14,false,M
785444,Myra,Sabo,6250 Wah Ave,Sacramento,CA,94245,myra.s@fastmail.com,(916) 435-5903,2013-02-22,true,F
789065,Molly,Ringwald,5838 Enclave Pl,Folsom,CA,95671,mollyr@zoho.com,(916) 161-0476,2013-01-25,true,F
789308,Sherry,Farrington,8138 Calderwood Ln,Antelope,CA,95843,sfarrington@fastmail.com,(916) 359-4397,2012-07-18,true,F
789500,Gabe,Gardner,9591 Hood Franklin Rd,Sacramento,CA,94259,gabe.g97@gmail.com,(916) 648-6792,2012-07-27,true,M
791559,Katherine,Sabo,4757 Klingon Ct,Sacramento,CA,94279,katherine.s25@hotmail.com,(916) 724-6368,2013-01-05,false,F
791850,Priscilla,Wald,9315 Reichmuth Way,Sacramento,CA,94257,waldp@yahoo.com,(916) 826-2306,2012-10-10,true,F
793987,Eason,Ramson,7998 Manitoba Ave,Sacramento,CA,94278,reason81@mail.com,(916) 208-9238,2013-03-03,true,M
795957,Emily,Rath,1558 Wood Gate Way,Sacramento,CA,94237,remily@outlook.com,(916) 979-9161,2012-08-12,false,F
796796,Scott,McCarron,4808 Wilshire Ave,Citrus Heights,CA,95621,mccarrons@gmail.com,(916) 177-4655,2013-02-10,false,M
797968,Mike,Lincoln,5215 Mulberry Ln,Carmichael,CA,95609,m_lincoln@fastmail.com,(916) 699-7676,2013-08-04,true,M
798336,Sally,Edwards,3818 Fell St,Sacramento,CA,95836,esally83@mail.com,(916) 484-7660,2013-06-16,false,F
800121,Jamie,Anderson,3240 Villanova Cir,Sacramento,CA,95814,anderson.j@fastmail.com,(916) 535-0873,2013-01-24,true,F
803700,Michael,Stewart,4527 Helsinki Way,Sacramento,CA,94239,michaels@hotmail.com,(916) 468-7739,2013-03-30,false,M
806545,Rhonda,Kraus,2953 Morena Way,Sacramento,CA,95851,krausr@gmail.com,(916) 685-7610,2012-12-03,true,F
808177,Faye,Champion,8713 Pennywood Ct,Sacramento,CA,94250,championf@mail.com,(916) 530-2719,2013-04-06,false,F
808421,Kevin,Sutherland,3895 Magical Walk,Sacramento,CA,95834,kevin.s53@yahoo.com,(916) 845-4172,2012-11-29,true,M
808869,Ryan,Anderson,114 Parkside Ct,Sacramento,CA,95899,a_ryan19@mail.com,(916) 184-8050,2013-02-04,true,M
810369,Bob,Lunn,310 Linnet Ct,Sacramento,CA,94267,lunnb@fastmail.com,(916) 451-3320,2012-09-03,false,M
813719,Diego,Corrales,3964 Torrance Ave,Sacramento,CA,94298,c_diego@aol.com,(916) 272-2449,2013-06-24,true,M
814317,Alyssa,Anderson,8686 Scranton Cir,Sacramento,CA,94258,aalyssa20@fastmail.com,(916) 632-3104,2013-04-17,true,F
814512,Max,Baer,4707 Holiday Cove Ct,Sacramento,CA,94208,b.max@zoho.com,(916) 492-7752,2012-09-05,true,M
815980,Dan,Boitano,212 Rushden Dr,Sacramento,CA,94279,boitanod@mail.com,(916) 895-7304,2012-11-20,false,M
817159,Geno,Petralli,3889 Majestic Ln,Isleton,CA,95641,genop@outlook.com,(916) 480-4774,2012-08-07,false,M
817274,Viola,Kraus,9907 Dutton Way,Sacramento,CA,95823,violak99@mail.com,(916) 786-7681,2013-08-24,true,F
817500,Genevieve,Matthews,391 New Sacto Way,Sacramento,CA,94237,g.matthews@icloud.com,(916) 603-5471,2013-01-18,false,F
818287,Ramona,Mullins,1291 Chesterton Way,Carmichael,CA,95609,ramona.m@outlook.com,(916) 298-7042,2013-05-27,true,F
822823,Debbie,Meyer,1972 Morrow St,Sacramento,CA,95852,meyerd3@mail.com,(916) 769-2914,2013-05-26,true,F
825249,Robert,Awalt,5952 Jumilla Way,Sacramento,CA,94259,arobert@icloud.com,(916) 980-5331,2013-03-31,false,M
826590,Belinda,Ellis,4452 Golden Poplar Ave,Sacramento,CA,94234,bellis@gmail.com,(916) 635-6679,2013-08-21,true,F
832914,Michael,Roe,8040 Elster Ct,Sacramento,CA,94211,rmichael@outlook.com,(916) 556-8912,2012-09-04,true,M
833180,Jessica,Chastain,8736 Arabis Ct,Sacramento,CA,94259,chastain_j@icloud.com,(916) 642-8202,2013-04-14,false,F
837763,Alex,Honnold,2968 Syracuse Way,Sacramento,CA,95826,alex_h@zoho.com,(916) 438-4104,2012-08-20,true,M
838924,Reggie,Rogers,9756 Prodperine Pl,Sacramento,CA,95816,rreggie@fastmail.com,(916) 279-6827,2013-08-13,true,M
840096,Dek,Bake,8975 Silk Ct,Sacramento,CA,95825,dek_b@mail.com,(916) 989-3722,2013-02-26,false,M
840970,Sam,Warburg,1680 Red Robin Ln,Sacramento,CA,94263,sam.w48@hotmail.com,(916) 114-4344,2013-02-17,true,M
841141,Trevor,Matich,2305 Red Wolf Dr,Sacramento,CA,95819,trevorm@outlook.com,(916) 517-8756,2012-08-31,false,M
841831,Joe,Inglett,8657 Normington Dr,Sacramento,CA,94282,inglett_j@hotmail.com,(916) 245-5714,2013-01-20,false,M
842028,Jean,Zeller,6156 Sachi Way,Sacramento,CA,95838,zellerj@hotmail.com,(916) 935-8084,2013-05-18,false,F
846558,David,de Berry,3420 Yale St,Sacramento,CA,94230,david_d5@yahoo.com,(916) 913-9683,2013-02-24,true,M
846722,Bessie,Gold,1397 Lieto Way,Sacramento,CA,94257,gbessie@yahoo.com,(916) 653-6816,2013-09-18,false,F
847289,Jennifer,Hopper,7225 Mill Branch Ct,Sacramento,CA,94283,jenniferh@yahoo.com,(916) 843-4707,2013-02-06,true,F
850933,Spencer,Havner,2523 San Joaquin St,Sacramento,CA,94280,havner.s@gmail.com,(916) 437-5153,2013-03-29,true,M
850952,Phil,Snow,4862 Mira Vista St,Sacramento,CA,94235,phils20@gmail.com,(916) 121-7521,2013-02-16,false,M
852319,Stan,Hack,3339 Royal Down Cir,Sacramento,CA,94271,hstan@hotmail.com,(916) 557-0846,2013-02-21,false,M
852925,Ellyse,Casteel,8881 Libra Ave,Sacramento,CA,94286,ellyse_c@yahoo.com,(916) 907-5683,2012-10-02,false,F
857548,Stan,Atkinson,9421 W Lincoln Ave,Sacramento,CA,94298,s_atkinson@mail.com,(916) 630-4753,2013-08-27,true,M
860057,Daimon,Shelton,9337 Dutton Way,Sacramento,CA,94291,daimon_s@gmail.com,(916) 989-2816,2012-07-10,true,M
862302,Tammy,Hansen,8455 Tracy Ct,Sacramento,CA,95840,tammy_h@mail.com,(916) 518-7652,2012-07-15,true,F
864896,Frank-Paul,Santangelo,2743 Mohamed Oaks Ct,Elk Grove,CA,95759,frank-pauls@hotmail.com,(916) 796-8873,2012-07-03,true,M
866556,James,House,3028 Rio Cresta Way,Galt,CA,95632,house.j@zoho.com,(209) 572-2994,2013-02-03,false,M
866847,Natalie,Gulbis,2984 Comanche Way,Fair Oaks,CA,95628,natalie_g@mail.com,(916) 580-4604,2013-02-17,true,F
872851,Sheri,Mcabee,8694 Macfinley Way,Sacramento,CA,94298,m_sheri@mail.com,(916) 948-9907,2012-10-03,false,F
877877,Kathy,Murphy,7967 Icarus Ct,McClellan,CA,95652,kathym@outlook.com,(916) 961-0425,2013-08-24,true,F
879173,Mabel,Bales,4355 Volga Way,Wilton,CA,95693,bales.m34@hotmail.com,(916) 277-6407,2013-02-02,true,F
880238,Lynn,Bell,5963 Shepard Ave,Sacramento,CA,94279,lynnb@mail.com,(916) 917-4314,2012-11-02,true,F
882493,Myra,Bashaw,5600 Inspiration Ln,Sacramento,CA,94247,b_myra@fastmail.com,(916) 567-0300,2013-05-29,false,F
884368,Cheryl,Walker,6739 Bimini Ct,Sacramento,CA,95841,cheryl.w@gmail.com,(916) 229-1876,2013-02-04,false,F
884607,Skylar,Thomas,577 Don Merlino Ct,Sacramento,CA,94244,thomas.s@aol.com,(916) 535-4030,2012-09-08,false,F
884729,Sam,Elliott,7532 Squirewood Ct,Sacramento,CA,95820,sam_e68@mail.com,(916) 429-6412,2013-02-23,false,F
885548,Richard,Hellesen,6110 Vanier Ct,Sacramento,CA,94211,hellesen_r@fastmail.com,(916) 269-2760,2013-04-01,true,M
888759,Ann,Bingaman,9411 Kirk Way,Sacramento,CA,94273,bingamana@outlook.com,(916) 330-3800,2013-06-01,true,F
888952,Jerry,Royster,2329 Yuma Cir,Herald,CA,95638,r.jerry@aol.com,(209) 811-6793,2013-04-08,true,M
889686,Suzi,Gardner,5592 Strawberry Ln,Sacramento,CA,94283,gardner_s43@hotmail.com,(916) 184-3401,2013-06-21,false,F
890270,John,O'Sullivan,5131 Lamont Way,Sacramento,CA,95840,johno@zoho.com,(916) 149-9240,2012-09-02,true,M
890497,Brie,Larson,161 David Way,Sacramento,CA,95818,brie_l@icloud.com,(916) 390-7315,2013-05-06,false,F
890651,Sonia,Dunkin,7979 Arroyo Vista Dr,Folsom,CA,95671,sonia.d19@aol.com,(916) 143-0056,2013-04-21,false,F
891738,Gary,Hoffman,856 William Way,Sacramento,CA,94295,hoffman_g@outlook.com,(916) 261-7047,2013-05-31,true,M
892883,Leona,Weber,5188 Vorden Rd,Sacramento,CA,95838,weberl@icloud.com,(916) 930-7602,2013-03-31,true,F
893039,Kathy,Decker,993 Lomax Ct,McClellan,CA,95652,kathy.d@icloud.com,(916) 689-3267,2012-09-13,false,F
897614,John,Vukovich,9558 Agree Ct,Sacramento,CA,94247,johnv@mail.com,(916) 527-5653,2013-06-29,true,M
897980,Josephine,Hoff,826 Chatfield Dr,Sacramento,CA,94259,hoff.j@zoho.com,(916) 577-7067,2013-04-09,false,F
900440,Kayla,Isham,977 Glenmont Way,Citrus Heights,CA,95621,kisham@zoho.com,(916) 194-2920,2013-04-03,false,F
901388,Victor,Wong,7122 El Viento Way,Sacramento,CA,94295,wong_v@hotmail.com,(916) 724-6932,2013-02-27,false,M
905670,Joyce,Fernandez,1813 El Centro Rd,Sacramento,CA,95851,jfernandez@yahoo.com,(916) 307-5207,2012-12-05,false,F
908328,Callie,Douglas,2928 Gramont Way,Sacramento,CA,94208,d_callie@gmail.com,(916) 695-5224,2013-03-01,true,F
908768,Doris,Coley,7129 Caswell Ct,Sacramento,CA,94234,coley_d@hotmail.com,(916) 766-6981,2013-02-24,true,F
911171,Dawn,Oxley,4382 Gazania Ct,Sacramento,CA,94232,oxley_d@hotmail.com,(916) 992-1299,2013-05-01,true,F
912671,Maxine,Hamilton,8884 Samwood Ct,Rancho Cordova,CA,95670,mhamilton@gmail.com,(916) 327-0230,2013-05-05,true,F
915766,Fernando,Viña,6189 Kathryn Way,Sacramento,CA,94249,f.viña53@mail.com,(916) 119-3117,2013-09-08,true,M
917728,Maxine,Wylie,3796 Northfield Dr,Sacramento,CA,94208,wyliem@fastmail.com,(916) 108-1505,2013-03-20,true,F
918682,Matt,Barnes,684 Naponee Ct,Elk Grove,CA,95758,barnesm@gmail.com,(916) 738-4763,2013-06-15,true,M
921792,Candace,Storms,1328 Schutt Way,Sacramento,CA,94206,s_candace@fastmail.com,(916) 858-7222,2013-01-19,false,F
921901,Fannie,Wooldridge,1806 Tetlow Ct,Sacramento,CA,94239,fanniew@fastmail.com,(916) 861-3996,2013-06-28,false,F
924361,Ben,Campbell,1325 Dundalk Ct,Elk Grove,CA,95624,campbell_b46@gmail.com,(916) 293-2312,2013-08-31,true,M
924649,Manny,Parra,5695 Chapeau Ct,Sacramento,CA,94279,m.parra@yahoo.com,(916) 158-2271,2012-08-03,false,M
924947,Bob,Wilkins,8171 Boston Ct,Sacramento,CA,95811,wilkins.b@outlook.com,(916) 957-4051,2013-04-19,false,M
925565,Raymond,Carver,7078 Reenel Way,Folsom,CA,95763,carver_r@aol.com,(916) 685-8458,2013-01-18,false,M
926144,Jackie,Greene,7537 San Luis Ct,Sacramento,CA,95852,jackie_g@outlook.com,(916) 693-5191,2013-03-03,true,M
926289,Cindy,Ramirez,3827 Durfee Way,Sacramento,CA,94206,c_ramirez83@mail.com,(916) 443-7206,2012-09-03,true,F
927518,Clancy,Barone,6266 Dalhart Way,Sacramento,CA,94297,b_clancy@zoho.com,(916) 667-4363,2013-08-03,false,M
929344,Jack,Parker,1204 Chamonix Way,Sacramento,CA,94254,parker_j@mail.com,(916) 774-1199,2012-12-04,true,M
932618,Natasha,Lyon,7922 Rivershore Ct,Sacramento,CA,95842,lnatasha@icloud.com,(916) 133-2669,2013-02-21,false,F
933331,Angela,Boehmer,9034 Pournelle Way,Sacramento,CA,95823,a_boehmer@fastmail.com,(916) 334-5154,2013-05-22,true,F
936214,DeMarcus,Nelson,5355 Emerson Rd,Sacramento,CA,95894,n_demarcus@mail.com,(916) 402-6512,2012-09-17,false,M
938006,Ellen,Ontiveros,1805 Gypsy Star Way,Sacramento,CA,95824,o.ellen@icloud.com,(916) 192-2636,2013-01-27,true,F
938393,James,Donaldson,326 Beachcraft Way,Sacramento,CA,95867,james.d@mail.com,(916) 631-6353,2012-10-05,true,M
938417,Jerry,Manuel,6887 Lorton Ct,Sacramento,CA,95831,jerry.m@icloud.com,(916) 501-2040,2012-09-06,false,M
940912,Darren,Oliver,4401 Ladino Rd,Sacramento,CA,95853,darreno@zoho.com,(916) 527-1189,2013-02-25,false,M
941876,Helen,Price,7193 Canna Ct,Sacramento,CA,94282,price_h@mail.com,(916) 820-2457,2013-08-09,true,F
944523,Sabrina,Bastian,3646 Rio De Oro Way,Sacramento,CA,94232,sabrinab2@fastmail.com,(916) 538-2037,2013-07-19,true,F
950299,Pearl,Green,5141 Academy Way,Sacramento,CA,95864,pgreen@icloud.com,(916) 933-8511,2012-10-03,false,F
951701,Stacy,Smith,5498 Grant Ln,Elverta,CA,95626,ssmith@zoho.com,(916) 567-0186,2012-07-07,true,F
951702,Shaka,Ford,7239 Cecile Way,Sacramento,CA,94249,shakaf@yahoo.com,(916) 465-6285,2013-02-05,false,F
954812,Mildred,Rosenheim,876 Kylaglen Ct,Orangevale,CA,95662,mildred.r@icloud.com,(916) 495-3098,2013-06-18,true,F
955591,Evelyn,Ashford,6574 El Dala Ln,Sacramento,CA,95822,e_ashford@zoho.com,(916) 771-8767,2013-01-08,true,F
958321,Rush,Limbaugh,6923 Park River Oak Ct,Sacramento,CA,94288,l.rush@outlook.com,(916) 975-6062,2013-01-21,false,M
961080,Anne,Ross,5522 Spinning Rod Ct,Sacramento,CA,94248,ross.a@yahoo.com,(916) 401-3721,2012-07-09,false,F
964403,David,Garibaldi,2778 Foppiano Way,Sacramento,CA,94254,david.g@hotmail.com,(916) 330-2531,2013-02-06,false,M
964619,Lee,Greenwood,1151 Yellowtail Way,Sacramento,CA,94269,lee.g@icloud.com,(916) 315-0098,2013-08-07,true,M
970794,Reneau,Peurifoy,4565 Feather River Way,Sacramento,CA,94287,p_reneau62@zoho.com,(916) 267-9129,2013-06-11,false,M
972329,Gregg,Coffin,2193 Woodville Ln,Citrus Heights,CA,95621,g.coffin@fastmail.com,(916) 719-7616,2013-08-19,false,M
973766,Carla,Pfeifer,5601 Monte Casino Way,Sacramento,CA,95852,pfeiferc@zoho.com,(916) 295-9302,2013-02-09,true,F
974503,Vicki,Abramson,4824 Mackinaw Way,Elk Grove,CA,95758,vicki_a@fastmail.com,(916) 645-8767,2013-04-11,true,F
976778,Bobby,Clark,4355 Amwell Ct,Wilton,CA,95693,c.bobby38@mail.com,(916) 523-3458,2013-08-18,true,M
977759,Natalie,Dorris,318 Pelligrini Ct,Sacramento,CA,95816,ndorris@gmail.com,(916) 505-7381,2013-08-20,true,F
979679,Adrienne,Ibrahim,3708 Amazon Ave,Sacramento,CA,94294,iadrienne@zoho.com,(916) 649-9790,2013-03-10,false,F
981529,Anne,Gray,7031 Sierra Blvd,Sacramento,CA,95830,agray@gmail.com,(916) 469-9766,2013-02-23,false,F
992895,Royce,Clayton,8565 Den Ave,Sacramento,CA,95853,c.royce@zoho.com,(916) 638-2357,2013-06-01,true,M
992956,Ken,Forsch,1495 Canadeo Way,Sacramento,CA,95830,forsch.k@yahoo.com,(916) 547-1153,2012-10-27,false,M
994056,Ruby,Bastian,4967 Clairidge Oak Ct,Sacramento,CA,94289,ruby.b@fastmail.com,(916) 726-3245,2012-12-01,true,F
994185,Theresa,Carpenter,8927 Rivercrest Dr,Sacramento,CA,95842,carpentert5@hotmail.com,(916) 479-9529,2013-01-25,true,F
994199,Renee,Caceres,8720 Rivera Dr,Sacramento,CA,95815,c.renee@hotmail.com,(916) 617-0268,2012-10-02,true,F
994269,Derwin,Williams,7945 Rose Petal Way,Sacramento,CA,94207,wderwin57@hotmail.com,(916) 541-5697,2013-09-15,false,M
995599,Timothy,Schmit,2089 Zet Ct,Sacramento,CA,95887,schmitt32@mail.com,(916) 355-6283,2012-08-21,true,M
996970,Alice,Colletti,3826 Doreen Way,Antelope,CA,95843,calice@hotmail.com,(916) 375-9890,2013-04-21,true,F
999915,Ricky,Ray,7837 El Cerro Ct,Sacramento,CA,95865,ricky_r@mail.com,(916) 188-8462,2013-07-20,false,M
